,variables,costos
0,200.2888,12000
1,359.14679,8000
2,444.93012,0
3,493.21984,0
4,444.23587,0
5,237.93103,0
6,279.03127,0
7,301.2714,0
8,315.24779,0
9,246.94794,0
10,60.236686,0
11,0.0,0
