,variables,costos
0,99.516657,16000
1,117.08383,7000
2,259.7391,0
3,417.09254,0
4,493.125,0
5,47.422168,0
6,177.78042,0
7,235.27517,0
8,201.16022,0
9,0.0,0
